CASEID,text,treat,pid_rep
287,"Problems caused by the influx of illegal immigrants who are crowding our schools and hospitals, lowering the level of ducation and the quality of care in hospitals.",1. Worried,1
145,"If you mean illegal immigration, I'm afraid of who might be getting into this country in unsecured borders.",1. Worried,1
159,"That they should enter the same way my grandparents did, legally. Learn English and pay taxes. I don't think that a lot of these asians and East Indians should be getting a tax free ride.I'm tired of paying for everyone else.",0. Think,0.333
421,"legally entering the USA meeting the requirements is the law. Entering the USA improperly is a crime. It is unfortunate that the American Bar Association has fought treating entering the USA as a crime. And our politicians from both parties have been so anxious to get the ""vote"" that they refuse to inforce the law. Meanwhile, terorists can walk right in without any problem. No accountability on the part of politicians supported by the news media will bring our nation down eventually. And the normal person will wonder how it happened.",0. Think,0.5
224,"Terror
Bombings
Killing us
Robbing America",1. Worried,0.66667002
175,Having criminals immigrate here,1. Worried,0
131,"Illegal, draining our goverment resources and making no contibution to our society.  As long as they will do the menial labor, our lazy welfare bums will continue to rob, steal, and murder.  Our jails are overcrowded!
If welfare recipients, who are physically able, wont work then no welfare.",1. Worried,0.833
70,We are not the lower class people and that is not right,1. Worried,0
342,i dont have a problem with it as long as they learn english and pay taxes,0. Think,0
402,I think that people  that come into the united states shouldn't be able to get more for help for living when the states don't even take care of the people that were born and raised here.,1. Worried,0.66667002
276,taking jobs from americans,1. Worried,0.16666999
332,Illegal immagrtants and social security,1. Worried,0.833
261,"When I think of immigration, I think of the people who legally come to this country and apply for the necessary citizenships so that they can get a job and have the benefits of being an American and all the freedoms that come with that.",0. Think,0.66667002
53,Illegal imigration is a pox on our society.,0. Think,0.833
128,Mexicains,0. Think,0
299,illegals,0. Think,1
100,"The amount of illegal immigration, and exceptions to the legal immigration quotas that happen all the time.  I'm concerned that abuses will sink us soon.",0. Think,1
419,send them all back,0. Think,0.16666999
388,that we have to many people from other countrys here,0. Think,0.333
418,unfair unattainable,0. Think,0.5
293,I'm really more worried about world population growth than about immigration per se.  I do feel that immigrants should learn English.  I do not like the idea of Spanish being on an equal par with English.  Speak what ever you want at home but learn enough English to function in this country.,1. Worried,0
51,loss of jobs for americans,1. Worried,0
95,"Changing the basic makeup of the United States.  Creating a population with more socialistic values.  Mexico is largely an economic failure, so the immigrants from there may tend to have the values that created that failure.",1. Worried,0.66667002
340,"I firmly believe that the U.S. is a melting pot of nationalities and races -- people of different ethnic backgrounds blending into one rich culture - without losing the distinctiveness of their own culture.  In order to accomplish this safely and effectively:  1)immigrants must be in our country legally  2)immigrants need to learn our language  3) immigrants need to obey our laws. FEARS about ILLEGAL immigrants: terrorism, criminal activities, heavy drain on social services & medical services, weighing down the public school systems ESL & other special needs.",1. Worried,0.66667002
109,"illegal immigration is a drain on the welfare system, although it seems to provide laborers for jobs americans don't want, Legal immigration brings  technically skilled workers (H-1B), my great grandparents, and other people who can contribute to the country.",0. Think,0.833
217,"That all the silliness about immigration will alter the fundamental character of the US as the ""melting pot"" nation.",1. Worried,0.5
90,,1. Worried,0
393,jobs crime taxes,1. Worried,1
368,"Ellis Island, illegal immigration, new world, fences",0. Think,0.333
328,illegals; social security; benefits,0. Think,1
256,"I come from legal immigrant parents. I believe that at this point of war and the economy looking as it is going down, immigration is not a good idea. Besides this immigration is what has made the US what it is today. You can experince and live so many cultures.",0. Think,0.16666999
105,"People who come to the US to take advantage of the American dream and opportunities. Unfortunately, many come over and do not become US citizens but are able to use tax-payer money to pay for their healthcare and welfare.",0. Think,0.16666999
466,"I worry about the republican party doing something very stupid.  This country was built on immigration, to deny anyone access to citizenship is unconstitutional.  What happened to give me your poor, sick, and tired?",1. Worried,0.16666999
321,#NAME?,1. Worried,0.16666999
22,Wages being depressed. Criminals coming into the US.,1. Worried,0.333
103,"leaching on our social structure, hospitals, welfare, jails--all the things we pay taxes for that they do not
more tererism",1. Worried,0.66667002
238,"conflicts between working class, illegal profits for companies hiring undocumented immigrants, low job wages, more immigration, overpopulation and competition for jobs.",1. Worried,0
80,People crossing the border illegally.,0. Think,0.333
119,poor economy,0. Think,1
258,my parents were immigrants from Ireland.  Everyone has a right to apply for entrance.  We are a nation of immigrants - except for Native Americans!,0. Think,0.333
74,"The Mexican border
Illegal aliens from other countries
People getting a chance to have a decent life
People like our country better than theirs",0. Think,0.16666999
213,I don't think we should legalize aliens smuggled in to usa.,0. Think,0
241,"As an Arizona resident who lives 18 miles from the Mexican-US border, and who has also spoken to some of these illegals while hiking in the Huachuca Mtns., I know these people, mostly, come here out of sheer desperation.  Sure, some are the same lazy, fat, undereducated jerks that lurk around our own mid-level businesses.  But most simply are people who want what we all do: a comfortable life with as little thinking and suffering as possible, while reproducing at will.  They have told me, babies in arms,that if they remain at home, they have no future but an early death.  That they, maybe, should reduce their birth rate and/or not have children at all, if they cannot support them, simply will never occur to citizens of a Catholic country, living a day's walk from a rich country that can be easily milked for what they consider a fortune in life support.  There is no answer to this, so long as 95% of Mexico's wealth is controlled by 5% of its people, and the only riches the others have lie in their children.",0. Think,0.333
383,THE ONLY THING THAT MAKES ME WORRY IS THE ECONANY.IMMIGRATION DID NOT THAT HAPPEN YRARS AGO.I KNOW ALL MEN ARE NOT EQUAL. THE RICH GET RICHER THE POORE GET POORER.ARE WE NOT ALL GODS CHILDREN?,1. Worried,0
396,the strain on the taxpayer in terms of welfare programs.,1. Worried,0.5
10,English not being the common language.,1. Worried,0
30,if it legal im fine with it.,0. Think,0.333
157,nothing,1. Worried,0
254,Immigrants who dont contribute to society or bring bad things to our country.,1. Worried,0.66667002
40,that they will take our jobs!,1. Worried,0.5
124,"Increased poverty due to more people in the US and less jobs.
Increased death/robbery when the poor get desperate and turn to crime.",1. Worried,0
156,people from other countries trying to come here to live or work and they don't always have the proper paper work,0. Think,0.333
325,"crime
taxes",1. Worried,0.66667002
72,How some of the illegal immigrants get more help from the government than the U.S. citizens who are paying taxes.,1. Worried,0.16666999
269,"Expenses to our country for health care, education, crime, language changes;  these are people most of whom are entering the United States illegally",1. Worried,1
206,"Too many people, not enough jobs.  People that don't speak English.",0. Think,0.833
290,A bible verse (send me your weak and hungry) and a one way door,0. Think,0.66667002
460,My ancestors came over as immigrants looking for a better life for their family--today's immigrants are doing the same.  There must be a solution that works for everyone.,0. Think,0
222,"Illegals will take jobs, healthcare, and other benefits from legal citizens.",1. Worried,1
295,"I feel like the United States is a giant bowl of a little bit of everything. ""Americans"" are becoming a minority in our own country.",1. Worried,0.333
112,We need to allow immigration. People from foreign countries will do the jobs we arent willing to do.,1. Worried,0.333
54,An overwhelming amount of immigrants in our country and the new laws or bills tryin to cut down on the amount of immigrants.,0. Think,0.333
414,"violence, drugs, jobs lost",1. Worried,0.833
5,"poor people
taking jobs",0. Think,0.333
84,Undocumented immigration and how it affects our economy.,1. Worried,0
250,"robbing Americans of their Social Security; rising costs of social programs to cover illegals; rising costs of incarceration due to illegals; not being able to understand what they are saying (Spanish and other languages); the fact that illegal immigrants are here with their children who go through our school systems then cannot get financial aid for college because their parents never filed for naturalization leaving the kids to work dead end jobs and never get naturalized; the fact that they are doing the work that Americans don't want to do anyway, and then the Americans complain about it; border walls; increasing amounts of drugs in America because it is so easy to get into our country",0. Think,0
270,"too many people, not enough social service support, crowded prisons, gangs taking over the cities, unemployment, abuse of immigrants, terrorism",1. Worried,0.333
221,i think of all the jobs americans will lose and the welfare will increase,1. Worried,0.333
327,"I worry about the strife that is being stirred up among the American people. How can building a giant fence between the USA and Mexico possibly help the USA in any way. It is a tremendous waste of resources that could be used for developing alternative energy sources, providing health care or decreasing the increase in the national debt.",1. Worried,0
115,"people coming to the US looking for work
people looking to do the jobs that US citizens will not do",0. Think,0.16666999
42,"We are letting too many immigrants into the country.
Too many immigrants insist on speaking their native language and do not learn English. That is a real problem in our schools and business.
I do not believe immigrants should get social security....unless they work and pay into it.  
Immigrants should not be able to get all the freebies that they are getting.",1. Worried,0.333
264,"illegal immigrants, people complaining about them getting govt. benefits, talk about building a wall on the mexico border. Poor people who do the jobs that most of us wouldn't take anyway. If I lived somewhere else, facing poverty, I would want to come here to build a better life too.",0. Think,0.333
193,"Crime
Lost Jobs
Benefits paid to illegals
Health Care and Food....we cannot feed the world when we have Americans starving, etc",1. Worried,0.16666999
89,Illeagal,0. Think,0.333
356,that the illegals are recieving all of our benefits,1. Worried,0
322,,0. Think,0
79,I am fine with immigration.,0. Think,1
429,"The jobs, welfare, and community resources we as tax payers pay with our hard earned sweat to give it to someone who comes here just to send money back home. I don't think so!",1. Worried,0.16666999
167,mexican people. illegal border crossing. US finincal assistance to imigerants.,0. Think,0.66667002
444,"Drain on US social services and medical service.
Increased crime rates",1. Worried,0.5
32,"illegal
Mexicans",0. Think,0.16666999
316,Too many illegal immigrates coming into our country will take our work for less pay and the language barrier.,1. Worried,1
397,I'm worried that people are coming to Amercia against the law. They are not doing it the right way. They steal social security numbers of people who are citizens so they can work etc.,1. Worried,0.333
360,why their country is so poor,0. Think,0.66667002
35,We need to protect our borders more. Not enough agents covering too much distance.,0. Think,0.16666999
61,Illegal Immigrants using services paid for by legimate taxpayers.,1. Worried,1
46,Not much worries me about immigration. I think people are making way too big of a deal about it.,1. Worried,0.333
88,the people against immigration,0. Think,0.333
235,that we let people break the law b/c we just don't want to take the time to inforce it.,1. Worried,0.66667002
56,"criminals stealing our jobs, our money, our belongings. people who don't speak english in our public schools.babies being born into this country and becoming citizens on a daily basis. free health care. pigs and slobs on the jobsite. you asked the wrong person, I work in construction and could go on for days about these thieves.",0. Think,0.833
92,Illegal immigrants.,0. Think,0.16666999
158,"1. Not being able to document them so we have a record for crime, taxes and terrorism
2.  That they are recieving money that I pay taxes to provide and they dont pay any of it
3.  They recieve many services from the states they are in that again they dont  pay towards and many people that are legally here are not getting because their isn't enough to go around.
4 That our country is bending and stretching toaccomidate their cultures",1. Worried,0.16666999
365,We need to seal the borders. Both North and South. Fine all the employers that hire illegals and also those who rent to them.  If they can't find an job nor a place to live they will go home.,0. Think,1
275,"illegal people in our country
illegal people taking our jobs",0. Think,0.333
280,"free welfare without paying into the tax base, spread of third-world disease, 1/3 of all criminals in our prison syst. are illegal aliens, refusal to assimilate and learn the language, virtual abolition of our borders, and therefore, our sovereignty",1. Worried,0.66667002
17,"Job losses, threat of terrorism, property value decreasing, drug trafficing, becoming citizens and going on welfare",1. Worried,0
12,"social security
crime
welfare
healthcare
educating immigrants",1. Worried,1
387,"welfare, schools, medical expenses, jobs, crime, housing, driving no insurance or license,",1. Worried,0.333
380,"Allour ancestors immigrated here.
Immigration should be done legally.
We shouldn't subsidize illegal immigrants with government money.",0. Think,1
266,loss of jobs,1. Worried,0.16666999
43,legal vs. illegal,0. Think,0.833
248,"What worries me is that even when people try to immigrate into US legally, they are out through very disrespectful process that often violates fundamental human rights.  I think if the legal process was easier, or there would be options for legal work inthe US for foreigners, less people would try to come here illegally.",1. Worried,0.333
65,they do not pay taxes,1. Worried,0
6,"-jobs going to lower paid people
-english no longer being spoken in some places
-US becoming over populated
-more people for us to support on welfare",0. Think,0.16666999
386,need better border build a wall like china did,0. Think,0.333
319,"loss of jobs, hospitals losing money, illegal hiring, cheap labor,",0. Think,0.66667002
252,"illegal persons,not speaking English,drinking alcohol,illegal driving",1. Worried,0.66667002
331,where I live immigration has over populated our city and it is no joke.  We have to many here taking over and getting aid.,1. Worried,0.66667002
50,"What really makes me worried is that we are doing nothing to fix the system I agreed that we need to pay attention to our borders but at the same time there is people hard working people that are here illegaly and they are ancious to obtain some king of work permit so they can work legally, they did cross the border ok make them pay a fine of course criminals they must be deported",1. Worried,0
86,"Draining our health care system, 
criminals",1. Worried,1
314,"The borders should now be sealing, allowing no more immigrates.",0. Think,1
438,"Take over, Over crowding of our nation.  More people not enough welfare or jobs.  Health insurance is at an altime low and we can take of our own people who is here so why allow other to come here and take away the aid that could go to the people who is already here.",0. Think,0
181,very mess up problem,0. Think,0
456,,1. Worried,0.66667002
71,,1. Worried,0.16666999
133,"That the Ileagles who sneack over the border should be fined to the fullest extent.
I worked most of my life for what little I get. I on't think it's right for them to receive everything free.",0. Think,0.66667002
59,they take the jobs away from us because they take lower pay.they speak a different language and do not try to learn ours. they do not pay taxes. we have to punch in buttons on the phone etc.to speak to someone in our language.,1. Worried,0.833
442,"large numbers of poor people coming to the US and making our communities dirty, unkempt and poor",1. Worried,0
210,I often worry that United States will become over crowded and immigration will place a economical strain on the counyry.,1. Worried,0
78,"Building a wall on our border.
Spanish becoming a dominant language in the U.S.
Political bungling in dealing with immigration.",1. Worried,0
152,"kneejerk American jingoism
Lou Dobbs and his ilk
mistreatment of immigrants",1. Worried,0.16666999
93,"I think if they come in to the country
ileaglely they should be depored . do it the right way or stay the hell home
and if you do get here the correct way learn the damn langwige(sp) and learn our trafic laws.",0. Think,0.333
401,people comming over here from another country.,0. Think,0
244,"I think that it is a major issue for us today.  There are too many immigration problems withno taxing from them, taking jobs from the u.s. citizens.  Things have to change so that it makes it harder for them to come in illeagally.  They do deserve a chance, but it has to be done the right way.",1. Worried,0
102,"i THINK OF PEOPLE FROM OTHER COUNTRIES COMING TO AMERICA TO LIVE.  THESE DAYS YOU CAN'T HELP THINKING ABOUT THE MEXICANS COMING ACROSS THE BORDER, AS WELL AS THOSE THAT ARE ALREADY HERE.",0. Think,0.333
8,"Lack of jobs for Americans
Terrorist activity",1. Worried,0.333
378,"Taking our jobs, not paying taxes, using public services for free",1. Worried,1
63,"Over population
Too many new citizens on welfare
Extra strain on our schools",1. Worried,0.833
143,"complex, heated, political minefield",0. Think,0
7,"jobs,my tax dollars going to fund this.",1. Worried,0.66667002
116,"security
jobs
healthcare
following the laws of our country",1. Worried,1
209,"An attitude amongst many Americans fueled by some members of the media who use the term ""immigrant"" almost as a term of abuse and seem totally unable to differentiate between legal & illegal immigration.  I also see an incredible degree of racism - the assumption often being that anyone Hispanic must be an illegal immigrant.",0. Think,0.333
349,"Mexico, Muslems, Problembs, Terrorist,
cheep labor,",0. Think,0
463,"People from all over the world coming here for a new life--opportunity, freedom, justice. A way of life/history for the U.S.; our country has always been a giant melting pot and still is.",0. Think,0
200,"The cost of living, cost of food, diseases, and jobs that are taken from americans.",1. Worried,0
384,"They get all our stuff for free, and it isnt right",1. Worried,1
232,"Costs to feed, house, educate, and provide medical care

Potential for enemies of the US to enter",1. Worried,1
351,,0. Think,0.833
144,,0. Think,0.16666999
336,i think of new beginnings becoming a citizen adapting to a new country learning to be a citizen of that country....entering legally so you can do this,0. Think,0.333
130,,1. Worried,1
25,illegal immigrants; increased crime; schools & hospitals overwhelmed taking care of illegal immigrants,0. Think,0.833
464,Law breakers.,0. Think,0.66667002
179,we need to find a reasonable and humane compromise on the issue,0. Think,0.833
338,,0. Think,0.833
83,"Close borders.
Fine employers who employ illegal immigrats (IM).
Remove children of IM from public schools.
No SSA or welfare for IMs.
When picked up by police or any other government institution, they should be taken into custody and deported.
If an IM is deported and returns to the US, they should be jailed and the family or Mexican government made to paid for the cost of upkeep.",0. Think,0.66667002
176,"job availability, visas, welfare system",0. Think,1
96,"racism, bigotry, intolerance",0. Think,0
412,I didn't have to worrty about immingration when all our relation came over to these lands without an invitation  !,1. Worried,0
47,"First I think that it isn't fair for someone who is not a citizen to receive benefits of any kind without paying into the system.  Then I think of 12 million people (especially the children) who could not be taken out of our economy without undue suffering on everyone's part.  Then I hear about illegal aliens still able to get driver's licenses, start businesses, buy homes, etc. when so many people are waiting all over the world to come here legally.  It is a difficult problem.",0. Think,0.333
346,its one of those things that you can't fix.,0. Think,0.16666999
410,"Over population
Crime
Job shortage
welfare increase",1. Worried,1
337,illegal aliens,0. Think,0.16666999
219,we need to crack down on illegal immigration in this country,0. Think,0.333
339,I actually worry about the conditions in those countries the people are leaving.,1. Worried,0.16666999
149,"When I think of immigration I think of people who enter this country legally, who go through the proper immigration process, no matter how long it takes.  I think of people who are willing to learn the English language, make an honest living, honor our country and pledge allegiance to our flag.  Those who come to America by any other means, who sneak in here and file false paperwork, who think they have the right to drive and have a license, who manage to obtain false SSN's don't deserve to be here, and our borders need to be much, much more secure.",0. Think,0.16666999
242,Immigrants who have married an American but their spouses die are still sometimes kicked out of the country once they are widowed. I am also concerned about how difficult it is to get a green card.,1. Worried,0
305,"fences across the southern US border, welfare payments, illegal citizens",0. Think,0.16666999
136,"legal immigration does not concern me,  illegal immigration does- it could bring in disease, put a burden on schools and healthcare, it could lead to security concerns",1. Worried,0.833
461,overcrowding,0. Think,0
343,"the rising sentiment against immigrants. People seem to forget that not all immigrants are illegal, and that our nation was born of immigrants.",1. Worried,0.66667002
34,"I think of illeagal immigrants
I think of immigrants that could be terroist",0. Think,0.833
372,"opportunity for the immagrants
Higher burden on the taxed citizens
Founding Fathers
We're paying for their Health costs
Illegal immagration is illegal.",0. Think,0.16666999
404,,1. Worried,0.833
154,"I think about illegal immigrants.
giving them services paid for by tax dollars paid for by residents and legal immigrants.",1. Worried,0.833
260,"Illegal immigration; Hispanics; entitlements; not paying taxes, social security; requiring all manners of info tobe inSpanish as well as English; borders to the South, Texas, CA, etc; gangs; crime; drugs; but positive thoughts about legal alilens here with work visas...hard workers, good people trying to make a better life for their families,",0. Think,0.66667002
24,"Illegal Immigration
Increasing cost to me for Healthcare for illegals who come here and have babies.",1. Worried,0.66667002
101,NOTHING,0. Think,0.333
68,"the number of illegal immigrants, the strain on our resources (including schools, hospitals, etc.)",1. Worried,0.66667002
243,I worry that newer immigrants are not assimilated as easily into this country as in the past,1. Worried,0.16666999
160,"legals (desirable) vs. illegals (criminals)

very complicated

many do what is good for themselves, rather than what is fair and just.",0. Think,0.833
151,"border control, certain illegal immigrants tolerated, and others immediately deported.",0. Think,0.333
216,Illegals,0. Think,0
113,"I am most worried about the conception that forms in the relation of the modern nation state to that of the foreigner.  A relation of same and other is established that marginalizes the other in such a way as to turn hospitality into slavery.  The largest worries of immigration manifest themselves as concerns over economic effects primarily because the nation state has communally devolved into a neoliberal capitalist organization.  It is the corporisation of the State that governs the question of immigration, the question that is then framed in terms of resources and production.  My worry is that capitalist democracy will continue to perpetuate itself and replace community with individualism, consumerism, and the great American freedom-the freedom to buy",1. Worried,0.333
134,just have everyone come in legal,0. Think,0.16666999
447,All the illegals coming in to the country.,1. Worried,0.66667002
233,job avalability,1. Worried,0.66667002
21,"I'm concerned the immigrants might not understand that democracy, which provides many freedoms, requires we act responsibly toward others to allow them their freedoms.",1. Worried,0.833
172,"I think any illegal alien should be deported with no questions. If they come here and break our laws they deserve no consideration and should be treated as criminals and actively persued.

Illegals should get no benefits at all in anyway. No welfare of any kind and again deported.

Legal immigrants should be required to learn English before becoming a citizen. A certain amount should be required in a set period of time. 

 A criminal record should be reason for a visa to be denied.",1. Worried,0.66667002
170,"Border security is my major concerns. However, immigration needs to be better informed with screening of potential terrorists.",1. Worried,1
307,people from other countries coming to america for a chance at a better way of life.  people illegally entering this country.,0. Think,0.16666999
448,,1. Worried,0.5
138,war,1. Worried,0
308,"too many non speaking english americans
too many people that do not stand with what we were founded on.

too much trouble wanting their ways and not becoming americanized",1. Worried,0.66667002
41,the unemployment and health care issues of americans,1. Worried,0.333
168,"legal immigration is ok and needed in U.S.
illegal immigration is very wrong for U.S.
 - causes job loss for citizens
 - drain on ""medical system""
 - crime rises in communities where
   illegals stay",0. Think,1
274,"wall construction
amnesty",0. Think,0.333
283,"jobs that no one else will do for a low wage, people that are taken advantage of, and hated for wanting a better life.",0. Think,0
427,non us citizens coming over to the us and taking our jobs.,0. Think,0.833
11,,0. Think,0
239,,0. Think,0.5
187,THE HISTORY OF THIS COUNTRY. This country has a strong history with immigration being a crutial part.,0. Think,0.5
212,No one speaks English anymore.  We are GIVING immigrants free health care.  Immigrants DO NOT contribute ANYTHING to the economy.  The immigrants immediately send their earnings back home to their country.  I can go on and on and on .............,1. Worried,1
97,"illegals getting all the benefits that us Americans can't.  They get free medical, which causes met to have to pay $125 and up to visit a doctor due to no insurance which I can't afford.  Grandmother who gets less than $600 a month, can't even get food stamps and I see people who can't speak English with hundreds of dollars of groceries all the time.  Can't speak English means didn't work here and put into the system like the rest of us.",1. Worried,1
18,"College students, grad students, foreign motel owners,stolen technology, passports, migrant workers, landscape workers, legal and illegal immigration",0. Think,1
406,i think its a good thing bc the ones that live n the usa and is legal means we can now have more houses and job and dont have to worry bout them and problems they cause,0. Think,0.833
315,people from other countries coming to the USA to work,0. Think,1
415,overpopulation,1. Worried,0
311,I am not worried about Immigration.,1. Worried,0.66667002
285,I am concerned with citizen benefits being given to Illegal Aliens who probably are not paying into the system.  This will bankrupt this Nation sooner or later.,1. Worried,0.66667002
229,Don't think illegal immagrates who have lived here for years should receive special treatment.  They should still go through the process and become citizens just like anyone else coming to this country.  They've had a free ride and we've paid for it.,1. Worried,0.66667002
281,"I do not like the ifea of illegal immigration, but I also think it is too difficult to legally get residency in this country, especially if you are seeking asylum from religious persecution.",0. Think,0
249,The construction of the fence along the border. The deaths of people smuggled into the US in unventilated trucks.  People starving or freezing to death in the desert,0. Think,0
324,"schools, hospitals, total infrastructure of our communities",1. Worried,1
110,"illegal immigrants coming from Mexico, Border patrol around Texas, California, etc,",0. Think,1
292,"BORDER SECURITY IS LACKING. 
MEXICANS HAVE NO REGARD FOR OUR SYSTEM OF LAW.
WASHINGTON HAS LET ILLEGAL IMMIGRATION GO ON, TOO LONG",1. Worried,1
423,that people who are violent might come over.,1. Worried,0.333
265,"Illegal, getting services they don't deserve, not learning to speaknglish e",1. Worried,0.833
358,"illegal immigration,cost of social services for illegals,cost of illegals without car insurance, lost jobs, crime,",0. Think,1
23,"The current debate centers on illegal immigrants from Mexico.  I think our immigration policy should be as stringent as the Mexican policy, which makes it extremely difficult for Americans to work or live in Mexico.",0. Think,0.5
132,"Taxes, public services, opportunity.",0. Think,0.333
218,Not well versed.,1. Worried,0.833
370,"bad for  every thing,,",1. Worried,1
169,we have laws on the books why dont we use them.Illigals should be deported no exception.,0. Think,0.833
310,"People form many countries coming to the United States for a better life. learning to speak English;being self supporting and becoming a citizen of the USA. Flying one flag,keeping their history a part of their lives,but not forcing their way on everyone else..There's apart of my town I was raised in, but now cannot go shopping on that side because no-one speaks 
English..  When did I leave the USA?
",0. Think,0.16666999
348,"Illegal immigrants getting health, social security and SSI benefits when they have paid nothing into the system.  We need to make English the language of USA.",1. Worried,0.16666999
121,that they are getting money that really could be used to help our poor here in the USA,1. Worried,1
163,people entering without paperwork,1. Worried,0.66667002
82,I think it is a double edged sword.,0. Think,0.333
16,,0. Think,0.16666999
272,"No control.  US has lost all control.  Not only illegel but drugs etc., etc. enter each day.",1. Worried,0
14,"I think of, first off, where I grew up. Southern California is full of immigrants from much of South & Central America.",0. Think,0
428,illaglal,0. Think,0.833
405,Could continue to be a major disagreement amongst Americans.,1. Worried,0.333
277,close the borders,0. Think,1
443,"english as primary language
equality for all
traditions and customs
fear of the unknown",1. Worried,0.16666999
202,"Bigger taxes
Larger deficits
Unfair amnesty
No social security $",1. Worried,1
344,"crime, possible terrorists, taking jobs from citizens, not learning our language",1. Worried,0.66667002
364,"i think with our (us) needing more  help here ,and less over seas  ,i think there should be a complet stop of letting people in the us so anyone of them cant kill anyone of us anymore.and all of our men and woman shoud be brought back to the us , instead of fighting a war we dont belong in ...",0. Think,0.66667002
195,"illegal immagrants, refugees from other contries seeking assilum, border patrol",0. Think,1
234,strain on health care and education systems,0. Think,0
191,jobs- healthcare- schools - gangs,1. Worried,0.66667002
183,"mexicans working here and not paying taxes,fences won't work we need to go to a flat tax with a discount rate for seniors.",0. Think,1
317,"Expense.  Why we are not enforcing the laws we already have on the books. Possibility of terrorists getting in more easily. Why are we accomodating the aliens by printing things in other languages and having to push buttons to hear things in our own language.  Why do we give free medical services to them when we can even take care of our own first. Insurances going up to cover immigrants.  It seems that they are better accomodated than our own citizens. They are given rights, which they have not earned. I'm retired and I'm tired of costs going up because they are able to use and abuse our system to our debtrement.",0. Think,1
426,Illegal immigrants and terrism,1. Worried,0.66667002
15,"I want illegals gone.  They cost my husband his business.  They come here undercut the AMERICANS, and then raise their prices after they've driven hard working AMERICANS out of their jobs.",1. Worried,0.5
189,"Poor people wanting a better life because their own country is so full of 
corruption. They have found it too easy to slip accross the border and our government must have some reasons for wanting them here to keep our wages lower. It has kept pur young from summer jobs. They are a major drain on 
our health care system as well as all the welfare that many get. I don't what the answer is to fixing the problem with the ones already here but amnesty as it was done the last time is not the answer either. I personally helped 3 women get their papers the last time and as far as I know only 1 became a citizen. I beleive they should all speak English and we shouldn't have to pay extra so they can learn. IT SHOULD NOT be our job t learn spanish.",0. Think,0.66667002
263,"The government seems to think we need to give everybody a free ride even though they are here illegaly.  IF ALL of the free medical care they recieve and all the other benefits they recieve was denieded them the legal Americans like me could afford proper medical care, prescriptions amoung other things.",0. Think,0
31,,1. Worried,0.5
439,People coming from another country,0. Think,1
382,"Mexico, fences, death",0. Think,0.333
291,"I'm a painting contractor and worry about lower painting wages which translates to cheaper costs overall.  I cannot do jobs as cheaply, while providing my own health care and day to day living expenses.",1. Worried,1
334,"illegal aliens, national security, the border with Mexico",0. Think,0.833
153,"violence, social security, welfare",1. Worried,0.16666999
411,,0. Think,0.333
62,it is too easy an overly inviting to be an imigrant,0. Think,0.333
247,"Illegal immigrants coming into our country.
Illegal immigrants being a artificially low wage earner which takes away jobs that could go to Americans.
Illegal immigrants working here but not paying their fair share of taxes since it is in large part an underground ""cash based"" society",1. Worried,0.66667002
36,,1. Worried,0
279,The over-hyped concern over a relatively minor problem concerns me.,1. Worried,0
231,"People should be allowed to come over here, but there should be some guidelines.",0. Think,0
379,"Social Security, jobs, health care.",0. Think,0.66667002
355,"crime rate, illegal immigration,",1. Worried,0.833
75,"We need to get the upper hand on immigration, and treat everyone equally.
We DON'T need to just start handing out licenses. 
And let's keep America's #1 language ENGLISH!!!",0. Think,0.5
320,I donot like ethinic groups not learning our language. If they live here they should speak English. I believe they should get here legally.,0. Think,1
469,"Mexico
Nazi
illegal",0. Think,0.333
44,"Mexico
difficult",0. Think,0
390,"Illegal immigrants
Job loss
More crimes
School cost for immigrants",0. Think,0
211,Terrorists entering the U.S.  We have too many taxes as it is without supporting more people.  I don't like the fact the some immigrants don't have to pay taxes for the first 5 years they are here.  Our schools are too crowded as it is.,1. Worried,0.333
215,"Illegals taking our jobs
free health care
free loaders
other countries ""dumping"" their unwanteds in our country",1. Worried,1
333,"S.S. or the lack of it 
all the money the gov. spends on them",0. Think,0.833
45,That there are different rules for people depending on the country they are coming from. Westerns Europeans and others from wealthy nations can easily enter the US but people from developing countries have a difficult time obtaining visas because too many  people have abused the system (sneaking into the country; using a tourist visa to enter and staying illegally).,1. Worried,0.5
330,"The confusion over ""illegal"" vs legal immigrants. Illegal immigration: will dregrade our nation heritage, ulimately weaking our strengths. Increased costs to the public, for all services. Crime increases, cultural division.",1. Worried,0.66667002
126,"I think legal immigrants are great. I think the US should help other countries become better economically and safer places to live. We should work out a sensible,humanitarian and fair solution for the people & children that are here illegally. It isn't wise or safe to allow illegal immigration to continue as is.",0. Think,1
135,"Wide open borders that allow terrorists to enter at will
Increased costs of health care due to illegal immigrants taxing the hospital system
Talk of amnesty causing a greater influx of illegal immigrants
On the other hand, tough immigration practices causing families to be torn apart when illegals are sent home
Prices rising dramatically due to the loss of inexpensive labor",1. Worried,1
357,"more cost to me and america
safety",1. Worried,1
407,"drain on the economy,displacement of american workers",0. Think,0.333
318,people coming to this country without following the rules to do that,0. Think,0.833
246,"taxes going up
jobs being taken away from our workers
I am tried of the new breed not learning our English!  When in  Rome do as the romans do.",1. Worried,1
178,We need to stop illegal immigration,0. Think,1
300,It is out of control and nothing is really being done about it and im not sure anything can.,0. Think,1
76,"I think that people who are already in America and who work, pay taxes should be granted asylum.",0. Think,0.333
147,illegal,0. Think,1
57,,0. Think,0.333
253,,1. Worried,0
451,struggles,0. Think,0
38,Ilegal immigrants drwaing medical and social security benrfits.,1. Worried,0.66667002
173,"There is a difference between legal and illegal immigration .
Stop the illegal.",0. Think,0.5
99,I think immigration is fine as long as they do it legally.,0. Think,0.333
20,i think they need to stop immigration in the US.,0. Think,0.333
137,,0. Think,0.333
367,"I
dont
know",0. Think,0.333
297,work taken away,1. Worried,0.333
203,close the borders. come here legally. learn the language it's english!!,0. Think,0.16666999
462,1. boarders need to be secured. 2. Illegals need to be deported. 3.Legals need to be treated fairly,0. Think,0.66667002
398,Job loss to those who would work for les pay.,1. Worried,0.833
205,That the fence is a ridiculous idea,0. Think,0.333
13,"coming in illegally and staying
increasing costs to those that do pay taxes",1. Worried,1
87,"Over population, jobs, lowered wages. Prejudice, violence, terrorist.",1. Worried,0.16666999
39,I believe we need to protect our borders.  We need to be sure people entering our country are doing so legally.,0. Think,0.5
91,"the US-Mex border
Statue of Liberty
Irish immigration
Chinese railroad",0. Think,0.333
289,"People that do not speak english in the United States, that take jobs away from americans because they will work for pennies then send it back to their home land and not put it back into our economy that is taking care of them. etc.",0. Think,0.333
435,,1. Worried,0.66667002
345,illegal workers,0. Think,0.16666999
284,"#1 is it legal , #2 if not legal are they criminals ,terrorists , are they taking my job away , will they bother to learn english , do they really want to become American citizens or just collect bennefit from the government and the tax payer .",1. Worried,1
268,problems,0. Think,0.333
162,"inflation
illegals",1. Worried,1
455,Violence that may occur from people that are already here against immigrants and violence from immigrants because of frustration of unfulfilled dreams.,1. Worried,0.16666999
120,legality of immigrants; border security,0. Think,0.66667002
129,,0. Think,0.833
220,"over crowding, jobs taken away from natural citizens",1. Worried,0.16666999
199,dont care,0. Think,0.333
94,"Bad economy, crime rates, unemployment, money under the table...",0. Think,0.333
73,illegals coming over the mexico boarder in droves to infest the country like cockroaches,1. Worried,0.833
459,who much of a waste of time it is,0. Think,1
371,"loss of jobs for Americans
increase in crime
challenge on services such as healthcare",1. Worried,0.16666999
303,"migrant workers, Mexicans, green cards, passports, border security, people willing to do jobs most Americans don't want, multi-lingual culture, ignorance, fear, hypocrisy of Americans",0. Think,0.5
376,"Abuse of healthcare and welfare programs.
Potential workers for less desirable jobs.",0. Think,0.833
85,dearth of creative ways to deal with problem; fact that large employers are getting a free ride with underpaid aliens; stupidity of govt. in erecting a fence; truckers from mexico using our roads and not paying taxes for the upkeep.,1. Worried,0.5
3,The impact of illegal imigration on our schools and health care system,1. Worried,1
326,"Since my grandparents were immigrants from Europe, I think of people who want to build a better life for themselves and their families by coming to the U.S. - legally.",0. Think,0.16666999
107,i really dont know about immigration or what it means,1. Worried,0.16666999
420,"way to many
they get benefits that I don't 
they should go home and come back the right way",1. Worried,1
313,,0. Think,0.5
255,"social security
health coverage
job security
poverty level",1. Worried,0.833
309,Americans are not receptive to speakers of other than English and people who live south of the Rio Grande. Immigrants are treated poorly by average citizens.,1. Worried,0
262,The fact that congress doesn't have the balls to enforce the laws already on the books. I don't understand why they are debating new laws when there are enought get a hold on the issue. Congress is mainly run by special interest groups and lobbyists and I don't foresee them ever doing anything substantial until the lobbyists are kicked out of Washington.,1. Worried,0.833
141,"illegal immigrants, what this means for U.S., tax dollars not being paid",1. Worried,0.16666999
111,"It's not so much a worry as it is annoying.  If you want to come in the USA, fine, but do it legally. I resent the fact that I pay taxes, they don't and they take jobs from the legal immigrants.",1. Worried,0.833
104,Mexicans.,0. Think,0
294,,1. Worried,0.833
127,"Legal entry into a country
That challenge of illegal entrants and how to eliminate them
Bring me your tired, your poor....",0. Think,1
449,,1. Worried,0.333
208,Individuals coming to America at the taxpayers expense.,1. Worried,1
161,I think that immigration is fine.  I mean we all are immigrants if you think about it.  The only one's who aren't are the Native Americans.  We all came over to the Americas.,0. Think,0.333
4,,0. Think,1
69,"Losing good paying jobs to illegal immigrants.
Illegal immigrants not paying taxes.
The government not doing enough to take care of illegal immigrants.",1. Worried,0.333
227,"Illegals, slave trade, child workers, racism",0. Think,0.16666999
64,"I think we need new immigration laws that restrict the amount of immigrants into this country. I also think that immigrants need to learn our language, we should not have to cater to theirs.",0. Think,0.16666999
361,That dreadful Lou Dobbs!,0. Think,0.333
188,People coming through Ellis Island.,0. Think,0.66667002
450,"job security, wreckless driving, auto accidents.",1. Worried,0.16666999
271,"Confused.  I think that everyone should be a citizen so that we receive money from their for their portion of taxes.  I also think that our country needs the immigrants more than we think as they will do almost any job, which many American's don't want to do.",0. Think,0.66667002
286,Citizens of other nations entering the United States.,0. Think,1
301,the boarder,0. Think,0.833
77,"I am enthusiastic about legal immigrants willing to assimilate and be productive members of American society.

I worry that illegal immigrants have no incentive, and often no desire to assimilate.

I worry that illegal immigrants are disproportionally involved in violent crimes, as well as drug and property crimes.

I worry that our culture and language may be diminished by those not willing to assimilate.

I worry that that our our society devotes more and more of it's resources providing health care, education and other services to those not willing to assimilate.

I worry that our careless attitude about enforcing our border and immigration policy will lead to another 9/11 style terrorist attack.",1. Worried,0.66667002
117,"I wonder about the thoughts in the heads of the immigrants, if they just want to be free of their former lives, or if they want to take ours.",1. Worried,0.333
122,"language barriers, low income, opportunity, jobs",0. Think,0.16666999
9,"lost jobs, unpaid taxes, undercut wages, benefits to illegals, gang violence",1. Worried,0.333
114,illegals,0. Think,1
363,,1. Worried,0.5
417,"Illegal

Language",1. Worried,0.66667002
400,is thier  legal i could deal with it,0. Think,0.833
184,"legal = good, illegal = out of control, border agents wrongly jailed, fences, desperation,",0. Think,0.66667002
139,"people getting more benefits and paying no taxes,when people who lived here all there lives get no breaks, immigrants come to this country working for less money",1. Worried,0
335,send them back,0. Think,0.66667002
288,people becoming violent toward immigrants,1. Worried,0
457,no,0. Think,0.66667002
257,"Illegal Immigrants
Mexico",0. Think,0.833
267,If there were not jobs available then they would not come,0. Think,1
198,"Our immigration system doesn't work. Beauacrats are sitting on their duffs and letting undocummented aliens, often subversive ones, flood our country. I don't see any efforts to repair the situation.",1. Worried,1
60,The people who are having problems with immigration are immigratens them selves. We need the immigrents for a work force for aboration has killed the workforce.,1. Worried,1
155,I think we spend to much money on taking care of people that are no payin g taxes.,0. Think,0.333
123,"1,difficult for worker immigrants.
2,process takes too long.
3,high fees from government and hiring lawyer.
4,too much paper work
5,immigration laws favor certain countries.",0. Think,0.333
27,"more than one side: being over-run, drugs, lower-end jobs not being filled, families tramatized, people wanting a better life",1. Worried,0.833
186,"there's no problem with immigration, it's illegal immigration that's a problem",0. Think,0.833
48,very little,1. Worried,0
171,"I worry about the state of the economy and the strain the immigrants are putting on it. Using systems that were put in place by tax payers, who will likely never be able to use them because the government is giving aid to people who have never paid into them.",1. Worried,0.833
166,,0. Think,1
354,"excess population
jobs
gangs
education system
j",1. Worried,0
425,,0. Think,0.333
174,"Increasd costs to our economic and government systems, i.e. welfare, healthcare, educational, criminal justice, social security, etc.

Lack of respect of the American way of life, i.e. refusal to learn english or do the things that people who have immigrated to this country have done for years to assimilate and began citizens of the US.  They want Americans to learn their language, customs, etc.",1. Worried,1
190,Controversy....political correctness....complex issue,0. Think,0.333
391,,1. Worried,0.333
108,I'm worried about the fact that it's unfair as to who can get a visa to come live here and who can't.,1. Worried,0.16666999
454,something this country was built with. something the american population against immigrants coming into the country need to educate themsleves more in.,0. Think,0.333
228,"I think that we are country founded on immigration and we should definitely allow immigration, but with strict rules and regulations.  We need to be protected, physically and economically.  I think that if someone immigrates here and is a strain on society they should be removed.",0. Think,0.16666999
201,"Immigration has been the life blood of this country and as long as we have jobs to be filled, people will be coming to fill them.  The lost of jobs is not due to  immigrants but to job outsourcing by large and small companies.  By making the crossing of the border with Mexico so difficult, those workers who use to come to work for the season and then go home, are now bringing their families because they cannot risk going back and forth.",1. Worried,0.16666999
347,"the benifits that are given to them,the schooling for the kids immigrents should all be registered,",1. Worried,0.833
196,"Mexico, illegal workers, difficult immigration process",0. Think,0.833
251,"Loss of American Culture.  Loss of rights, money and services to Americans.  Lack of security.  Double standards.  Lack of unified English.  End of American way of life.",1. Worried,0.833
366,Immigration is fine as long as it is done legally.  People that are here illegally should be sent back to their country,0. Think,0.16666999
394,diseases,1. Worried,0
182,Mexican Illegals in America,0. Think,0.5
236,"I think of the AMERICAN BORN people, and how we've sacrificed to give them their freedom. I think a lot of people have becom frustrated with it all. When white people apply for a job (minimum wage) and they are told their salary is not negotiable, and yet the minority is able to negotiate a higher wage for the same job. It is discrimination against our own. I think of what Andy Rooney said a while ago about this very subject and agree completely. If you come to our Country - SPEAK ENGLISH. RESPECT OUR LAWS. OUR COUNTRY DOESN'T OWE YOU ANYTHING, WORK FOR IT LIKE THE REST OF US! Simply, I am against illegal immigrants, and legal immigrants should adjust to our ways, not us - to theirs.",0. Think,1
142,,0. Think,0.66667002
55,"People moving from one place to another, mostly for a better economic future.",0. Think,0.333
49,"bringing down our education systems, using up our government resouses less opportunities for americans for jobs, etc",0. Think,0.833
296,Those people that are here illegally should be sent back to their own country.  Mexicans,0. Think,0.5
37,"Racism & xenophobia make me worried!  Also, corporations using immigrant labor because it's cheaper for them and the ensuing loss of well-paying jobs worries me quite a bit. Vigilantes taking the law into their own hands at the border worries me.",1. Worried,0.5
302,,1. Worried,0.5
106,"that immigrants are the heart and soul and the creative growth that America has always had--all immigrants. That although we focus on Latinos there are illegals from many countries whose people we consider ""white"". That it would behoove us to find some way to tax any income from those who work here.It is wrong to take Social Security payments from people who will not receive it. Immigrants must become citizens within 2 years of their visa issue date unless a student.Students could get another 2 years until a degree is procured . Thereafter they leave or become citizens.We will expect other countries to require that from our citizens who live abroad.There should be a heavy tarriff on any money that leaves the U.S.by any electronic transfer, bank draft or otherwise. that it would then be cheaper for an immigrant to bring his family here than to send money out. That we are the second largest  source of revenue for the government of Mexico because immigrants send money home.",0. Think,0.5
385,job security for our citizens,1. Worried,0.5
369,"public safety, effect on the economy, whether or not they're entering legally (and if not how unfair and upsetting that is), that they're not willing to learn English",1. Worried,0.5
446,nothing,1. Worried,0.5
